rank,author_id,name,primary_institution,works_in_dataset,citations_of_dataset_works,recent_works,coauthor_strength,pagerank,influence_score,rising_score,top_topics,openalex_url
1,A5017272571,Piotr P. Ponikowski,Wroclaw Medical University,6,42053,0,119,0.009005,6.4653,0.0,Heart Failure Treatment and Management; Blood Pressure and Hypertension Studies; Cardiac and Coronary Surgery Techniques,https://openalex.org/A5017272571
2,A5058357018,Andre K. Geim,University of Manchester,12,38135,1,45,0.012776,6.4163,0.5047,Nanopore and Nanochannel Transport Studies; 2D Materials and Applications; Graphene research and applications,https://openalex.org/A5058357018
3,A5086153061,Massimo Francesco Piepoli,Unknown,6,37666,1,103,0.007893,6.3753,1.1605,Heart Failure Treatment and Management; Cardiovascular Syncope and Autonomic Disorders; Blood Pressure and Hypertension Studies,https://openalex.org/A5086153061
4,A5053194091,Stephan Windecker,Unknown,7,29929,0,103,0.007882,6.3051,0.0,Cardiac and Coronary Surgery Techniques; Cardiovascular Syncope and Autonomic Disorders; Blood Pressure and Hypertension Studies,https://openalex.org/A5053194091
5,A5035467559,Yury G. Gogotsi,Drexel University,12,36229,0,23,0.013648,6.2692,0.0,MXene and MAX Phase Materials; Supercapacitor Materials and Fabrication; Membrane Separation and Gas Transport,https://openalex.org/A5035467559
6,A5027213857,John J.V. McMurray,Unknown,5,42693,1,62,0.004999,6.2535,1.2185,Heart Failure Treatment and Management,https://openalex.org/A5027213857
7,A5021922273,Bernard Iung,Unknown,5,31054,0,87,0.006707,6.2022,0.0,Heart Failure Treatment and Management; Cardiac Arrhythmias and Treatments; Cardiovascular Syncope and Autonomic Disorders,https://openalex.org/A5021922273
8,A5046767891,Tiny Jaarsma,Unknown,4,32154,1,77,0.006117,6.1402,1.632,Heart Failure Treatment and Management; Blood Pressure and Hypertension Studies,https://openalex.org/A5046767891
9,A5033459729,Miguel Sousa‐Uva,Unknown,5,25239,0,92,0.007039,6.1242,0.0,Cardiac and Coronary Surgery Techniques; Heart Failure Treatment and Management; Cardiac Arrhythmias and Treatments,https://openalex.org/A5033459729
10,A5033890566,Per Anton Sirnes,Unknown,4,34230,0,64,0.005179,6.1177,0.0,Blood Pressure and Hypertension Studies; Cardiac and Coronary Surgery Techniques; Heart Failure Treatment and Management,https://openalex.org/A5033890566
11,A5055357489,Andreas Baumbach,Unknown,4,33644,1,65,0.005186,6.1132,2.176,Heart Failure Treatment and Management; Cardiac and Coronary Surgery Techniques,https://openalex.org/A5055357489
12,A5053660748,Héctor Bueno,3E (Belgium),5,27776,0,72,0.005745,6.1013,0.0,Cardiovascular Syncope and Autonomic Disorders; Blood Pressure and Hypertension Studies; Cardiac and Coronary Surgery Techniques,https://openalex.org/A5053660748
13,A5018896453,Volkmar Falk,Unknown,4,26392,0,81,0.006297,6.0638,0.0,Heart Failure Treatment and Management; Cardiac and Coronary Surgery Techniques,https://openalex.org/A5018896453
14,A5075282771,Aleš Linhart,Unknown,3,31510,0,71,0.00567,6.0528,0.0,Blood Pressure and Hypertension Studies; Heart Failure Treatment and Management; Cardiac and Coronary Surgery Techniques,https://openalex.org/A5075282771
15,A5068353058,David Moher,University of Ottawa,3,49585,0,23,0.004831,6.0237,0.0,Meta-analysis and systematic reviews,https://openalex.org/A5068353058
16,A5068789733,Mike J Clarke,Trinity College Dublin,3,49585,0,23,0.004831,6.0237,0.0,Meta-analysis and systematic reviews,https://openalex.org/A5068789733
17,A5065584931,Jos Kleijnen,Maastricht University,3,49585,0,23,0.004831,6.0237,0.0,Meta-analysis and systematic reviews,https://openalex.org/A5065584931
18,A5002375158,Peter Christian Gøtzsche,Cochrane,3,49585,0,23,0.004831,6.0237,0.0,Meta-analysis and systematic reviews,https://openalex.org/A5002375158
19,A5070446713,John P. A. Ioannidis,University of Ioannina,3,49585,0,23,0.004831,6.0237,0.0,Meta-analysis and systematic reviews,https://openalex.org/A5070446713
20,A5076572041,Jennifer Tetzlaff,Ottawa Hospital Research Institute,3,49585,0,23,0.004831,6.0237,0.0,Meta-analysis and systematic reviews,https://openalex.org/A5076572041
21,A5031204654,Cynthia D. Mulrow,Unknown,3,49585,0,23,0.004831,6.0237,0.0,Meta-analysis and systematic reviews,https://openalex.org/A5031204654
22,A5040874215,Philip James Devereaux,McMaster University,3,49585,0,23,0.004831,6.0237,0.0,Meta-analysis and systematic reviews,https://openalex.org/A5040874215
23,A5032508279,Arno Wilhelmus Hoes,Unknown,4,22673,1,85,0.00657,6.0087,1.632,Heart Failure Treatment and Management; Cardiac and Coronary Surgery Techniques,https://openalex.org/A5032508279
24,A5007694037,Adam Torbicki,Unknown,4,22509,0,84,0.006553,6.0028,0.0,Blood Pressure and Hypertension Studies; Cardiac and Coronary Surgery Techniques; Heart Failure Treatment and Management,https://openalex.org/A5007694037
25,A5055008596,Dimitrios J. Richter,Unknown,4,21029,0,92,0.007039,5.9965,0.0,Heart Failure Treatment and Management; Cardiac and Coronary Surgery Techniques; Cardiac Arrhythmias and Treatments,https://openalex.org/A5055008596
26,A5034995895,Patrizio Lancellotti,Unknown,4,21029,0,92,0.007039,5.9965,0.0,Heart Failure Treatment and Management; Cardiac and Coronary Surgery Techniques; Cardiac Arrhythmias and Treatments,https://openalex.org/A5034995895
27,A5076697833,Mariell L Jessup,American Heart Association,4,34434,0,37,0.003268,5.9761,0.0,Heart Failure Treatment and Management,https://openalex.org/A5076697833
28,A5070124449,Juhani M. Knuuti,Unknown,4,24749,0,64,0.005179,5.9718,0.0,Cardiac and Coronary Surgery Techniques; Blood Pressure and Hypertension Studies; Heart Failure Treatment and Management,https://openalex.org/A5070124449
29,A5023712545,Christophe Leclercq,Unknown,5,20029,0,66,0.005254,5.9295,0.0,Cardiac Arrhythmias and Treatments; Cardiovascular Syncope and Autonomic Disorders; Heart Failure Treatment and Management,https://openalex.org/A5023712545
30,A5023500706,Victoria Delgado,Unknown,5,20029,0,66,0.005254,5.9295,0.0,Cardiac Arrhythmias and Treatments; Cardiovascular Syncope and Autonomic Disorders; Heart Failure Treatment and Management,https://openalex.org/A5023500706
31,A5023320363,Gerasimos S Filippatos,Unknown,3,20457,0,73,0.005721,5.8647,0.0,Heart Failure Treatment and Management; Cardiac and Coronary Surgery Techniques,https://openalex.org/A5023320363
32,A5008678419,Michael Böhm,Unknown,3,29434,1,39,0.003399,5.863,3.6266,Heart Failure Treatment and Management,https://openalex.org/A5008678419
33,A5072957878,Marianna Adamo,Unknown,3,29434,1,39,0.003399,5.863,3.6266,Heart Failure Treatment and Management,https://openalex.org/A5072957878
34,A5022314919,Javed Butler,Vilnius University,3,28458,1,41,0.003544,5.8608,2.4178,Heart Failure Treatment and Management,https://openalex.org/A5022314919
35,A5105697289,Verónica Dean,Unknown,5,13818,0,92,0.007117,5.8541,0.0,Cardiac and Coronary Surgery Techniques; Health Promotion and Cardiovascular Prevention; Cardiac Arrhythmias and Treatments,https://openalex.org/A5105697289
36,A5042962646,Douglas G. Altman,University of Oxford,3,39057,0,16,0.00356,5.8227,0.0,Meta-analysis and systematic reviews; Animal testing and alternatives,https://openalex.org/A5042962646
37,A5073994077,Ewa Anita Jankowska,University of Ljubljana,3,21760,1,47,0.003973,5.7758,2.4178,Heart Failure Treatment and Management,https://openalex.org/A5073994077
38,A5013727186,Frank Thomas Ruschitzka,Unknown,3,21760,1,47,0.003973,5.7758,2.4178,Heart Failure Treatment and Management,https://openalex.org/A5013727186
39,A5051264655,Andrew J.S. Coats,Unknown,3,21760,1,47,0.003973,5.7758,2.4178,Heart Failure Treatment and Management,https://openalex.org/A5051264655
40,A5017160240,John G.F. Cleland,Unknown,3,21760,1,47,0.003973,5.7758,2.4178,Heart Failure Treatment and Management,https://openalex.org/A5017160240
41,A5108097802,Christian Eugen Mueller,Unknown,3,17487,0,66,0.005265,5.7672,0.0,Heart Failure Treatment and Management; Cardiac Arrhythmias and Treatments,https://openalex.org/A5108097802
42,A5002326750,Juan Luis Tamargo,Unknown,3,22111,0,44,0.003795,5.7664,0.0,Cardiac and Coronary Surgery Techniques; Blood Pressure and Hypertension Studies,https://openalex.org/A5002326750
43,A5107836398,Stephan Achenbach,Unknown,3,22111,0,44,0.003795,5.7664,0.0,Cardiac and Coronary Surgery Techniques; Blood Pressure and Hypertension Studies,https://openalex.org/A5107836398
44,A5033359462,William C. Wijns,Unknown,3,22111,0,44,0.003795,5.7664,0.0,Cardiac and Coronary Surgery Techniques; Blood Pressure and Hypertension Studies,https://openalex.org/A5033359462
45,A5057844452,Haran Burri,Mississippi State University,3,17795,1,59,0.004774,5.7448,2.4178,Heart Failure Treatment and Management; Cardiovascular Syncope and Autonomic Disorders,https://openalex.org/A5057844452
46,A5027731973,Christian Funck‐Brentano,Unknown,3,20089,0,45,0.003954,5.7309,0.0,Blood Pressure and Hypertension Studies; Health Promotion and Cardiovascular Prevention; Heart Failure Treatment and Management,https://openalex.org/A5027731973
47,A5040062593,Luis Miguel Ruilope,European Society of Cardiology,3,23386,0,33,0.003134,5.7207,0.0,Blood Pressure and Hypertension Studies; Health Promotion and Cardiovascular Prevention; Heart Failure Treatment and Management,https://openalex.org/A5040062593
48,A5076800816,Steffen Erhard Petersen,Unknown,3,16089,0,46,0.003881,5.6338,0.0,Cardiac Arrhythmias and Treatments; Heart Failure Treatment and Management,https://openalex.org/A5076800816
49,A5051104101,Anna Sonia Petronio,Unknown,3,16089,0,46,0.003881,5.6338,0.0,Cardiac Arrhythmias and Treatments; Heart Failure Treatment and Management,https://openalex.org/A5051104101
50,A5091302587,Elena Arbelo,Unknown,3,16089,0,46,0.003881,5.6338,0.0,Cardiac Arrhythmias and Treatments; Heart Failure Treatment and Management,https://openalex.org/A5091302587
51,A5062764105,Renata Cífková,European Society of Hypertension,3,20884,1,28,0.002807,5.6298,2.5393,Blood Pressure and Hypertension Studies; Health Promotion and Cardiovascular Prevention,https://openalex.org/A5062764105
52,A5084756058,Giuseppe Mancia,University of Milano-Bicocca,3,20884,1,28,0.002807,5.6298,2.5393,Blood Pressure and Hypertension Studies; Health Promotion and Cardiovascular Prevention,https://openalex.org/A5084756058
53,A5087577272,Sverre Erik Kjeldsen,University of Oslo,3,20884,1,28,0.002807,5.6298,2.5393,Blood Pressure and Hypertension Studies; Health Promotion and Cardiovascular Prevention,https://openalex.org/A5087577272
54,A5073467817,Francisco Javier Esteban Guinea,University of Cambridge,3,28717,0,11,0.004034,5.6246,0.0,Graphene research and applications; Membrane Separation Technologies,https://openalex.org/A5073467817
55,A5086107375,Edit I. Buzás,Semmelweis University,4,20451,0,15,0.005719,5.614,0.0,Extracellular vesicles in disease,https://openalex.org/A5086107375
56,A5100510061,Jose Luis Zamorano,European Society of Cardiology,3,21211,0,25,0.00256,5.6082,0.0,Health Promotion and Cardiovascular Prevention; Blood Pressure and Hypertension Studies,https://openalex.org/A5100510061
57,A5053011724,Jeroen Joost Bax,Unknown,3,16171,0,37,0.003336,5.5818,0.0,Cardiac Arrhythmias and Treatments; Blood Pressure and Hypertension Studies,https://openalex.org/A5053011724
58,A5108099412,José Luis Zamorano,Unknown,4,12360,0,46,0.003836,5.57,0.0,Cardiac and Coronary Surgery Techniques; Cardiovascular Syncope and Autonomic Disorders,https://openalex.org/A5108099412
59,A5077473986,BRENT N. HOLBEN,Goddard Space Flight Center,6,13377,0,17,0.007945,5.5593,0.0,Atmospheric aerosols and clouds,https://openalex.org/A5077473986
60,A5061992582,Jean‐Philippe Collet,Unknown,4,9390,0,65,0.005165,5.5386,0.0,Cardiovascular Syncope and Autonomic Disorders; Cardiac and Coronary Surgery Techniques; Cardiac Arrhythmias and Treatments,https://openalex.org/A5061992582
61,A5072248970,Kostya S. Novoselov,University of Manchester,4,30125,0,5,0.001989,5.5111,0.0,Graphene research and applications; 2D Materials and Applications; Minerals Flotation and Separation Techniques,https://openalex.org/A5072248970
62,A5073792258,Michał Tendera,Unknown,3,10608,0,53,0.004411,5.4845,0.0,Cardiac and Coronary Surgery Techniques; Health Promotion and Cardiovascular Prevention; Heart Failure Treatment and Management,https://openalex.org/A5073792258
63,A5062896436,Hernando Antonio Del Portillo,Institució Catalana de Recerca i Estudis Avançats,3,19368,0,12,0.004687,5.4755,0.0,Extracellular vesicles in disease,https://openalex.org/A5062896436
64,A5054735287,Juan Manuel Falcón‐Pérez,Ikerbasque,3,19368,0,12,0.004687,5.4755,0.0,Extracellular vesicles in disease,https://openalex.org/A5054735287
65,A5011809404,Yves J. Balkanski,Laboratoire des Sciences du Climat et de l'Environnement,5,10322,0,24,0.008074,5.4712,0.0,Atmospheric chemistry and aerosols; Climate variability and models; Atmospheric aerosols and clouds,https://openalex.org/A5011809404
66,A5047325459,Paulus F. Kirchhof,Unknown,3,11058,0,46,0.003847,5.4644,0.0,Cardiac and Coronary Surgery Techniques; Heart Failure Treatment and Management,https://openalex.org/A5047325459
67,A5025950676,Christi Deaton,Unknown,3,11058,0,46,0.003847,5.4644,0.0,Cardiac and Coronary Surgery Techniques; Heart Failure Treatment and Management,https://openalex.org/A5025950676
68,A5107998596,Philippe H. Kolh,University of Liège,3,11058,0,46,0.003847,5.4644,0.0,Cardiac and Coronary Surgery Techniques; Heart Failure Treatment and Management,https://openalex.org/A5107998596
69,A5105308447,David Hasdai,Unknown,3,11058,0,46,0.003847,5.4644,0.0,Cardiac and Coronary Surgery Techniques; Heart Failure Treatment and Management,https://openalex.org/A5105308447
70,A5069730469,António Coca,Hospital Clínic de Barcelona,4,10011,1,43,0.003689,5.4589,2.2854,Cardiovascular Syncope and Autonomic Disorders; Blood Pressure and Hypertension Studies; Heart Failure Treatment and Management,https://openalex.org/A5069730469
71,A5034519074,Nicolas Viovy,Commissariat à l'Énergie Atomique et aux Énergies Alternatives,5,10658,0,21,0.007201,5.4499,0.0,Plant Water Relations and Carbon Dynamics; Climate variability and models; Hydrology and Drought Analysis,https://openalex.org/A5034519074
72,A5034687681,Olivier De Wever,Ghent University Hospital,3,18842,0,11,0.004347,5.441,0.0,Extracellular vesicles in disease,https://openalex.org/A5034687681
73,A5089379689,Lei Jiang,Chinese Academy of Sciences,13,4489,0,35,0.010542,5.4054,0.0,Nanopore and Nanochannel Transport Studies; Advanced Photocatalysis Techniques; Surface Modification and Superhydrophobicity,https://openalex.org/A5089379689
74,A5038409870,Peter Jüni,Unknown,3,7420,0,65,0.005165,5.3768,0.0,Cardiac and Coronary Surgery Techniques; Cardiac Arrhythmias and Treatments; Cardiovascular Syncope and Autonomic Disorders,https://openalex.org/A5038409870
75,A5013559764,Stefan Kinne,Max Planck Institute for Meteorology,5,7921,0,26,0.008635,5.3735,0.0,Climate variability and models; Atmospheric aerosols and clouds; Atmospheric chemistry and aerosols,https://openalex.org/A5013559764
76,A5016144644,Patrice Simon,Centre National de la Recherche Scientifique,3,24428,0,4,0.002827,5.3493,0.0,Supercapacitor Materials and Fabrication; MXene and MAX Phase Materials,https://openalex.org/A5016144644
77,A5076958499,Eric H. Baehrecke,University of Massachusetts Chan Medical School,4,15952,0,6,0.006223,5.3441,0.0,Autophagy in Disease and Therapy; Cell death mechanisms and regulation,https://openalex.org/A5076958499
78,A5063972997,Lydéric Bocquet,Centre National de la Recherche Scientifique,13,5770,2,16,0.006322,5.3228,0.8852,Nanopore and Nanochannel Transport Studies; Surface Modification and Superhydrophobicity; Hydrocarbon exploration and reservoir analysis,https://openalex.org/A5063972997
79,A5086610841,Rahul R. Nair,University of Manchester,6,6825,0,25,0.00714,5.3206,0.0,Nanopore and Nanochannel Transport Studies; Membrane Separation Technologies; 2D Materials and Applications,https://openalex.org/A5086610841
80,A5059897226,Samir EL Andaloussi,Karolinska Institutet,3,14281,0,11,0.004347,5.3163,0.0,Extracellular vesicles in disease,https://openalex.org/A5059897226
81,A5041037860,T. F. Eck,Goddard Space Flight Center,4,9652,0,13,0.006051,5.2542,0.0,Atmospheric aerosols and clouds,https://openalex.org/A5041037860
82,A5075296559,Guido Kroemer,Inserm,4,13931,1,5,0.005034,5.2343,1.8372,"Cell death mechanisms and regulation; Genetics, Aging, and Longevity in Model Organisms",https://openalex.org/A5075296559
83,A5103107914,Iain A. Simpson,University of Florence,4,6420,0,39,0.003379,5.2331,0.0,Cardiac Arrhythmias and Treatments; Cardiovascular Syncope and Autonomic Disorders,https://openalex.org/A5103107914
84,A5031208437,Aleksandr Noy,Lawrence Livermore National Laboratory,6,5557,1,22,0.009014,5.2243,0.7144,Nanopore and Nanochannel Transport Studies,https://openalex.org/A5031208437
85,A5070378593,Philippe Ciais,Laboratoire des Sciences du Climat et de l'Environnement,4,9834,0,11,0.004078,5.199,0.0,Remote Sensing in Agriculture; Plant Water Relations and Carbon Dynamics; Hydrology and Drought Analysis,https://openalex.org/A5070378593
86,A5100384245,Zhenan Bao,Stanford University,5,9069,1,9,0.00566,5.1988,1.1534,Advanced Sensor and Energy Harvesting Materials; Advanced Battery Materials and Technologies; Conducting polymers and applications,https://openalex.org/A5100384245
87,A5076577191,I. V. Grigorieva,University of Manchester,4,7100,0,18,0.005292,5.1658,0.0,Nanopore and Nanochannel Transport Studies; 2D Materials and Applications,https://openalex.org/A5076577191
88,A5084549469,Paul A. Ginoux,Goddard Space Flight Center,4,8094,0,12,0.004891,5.1422,0.0,Atmospheric aerosols and clouds; Atmospheric chemistry and aerosols,https://openalex.org/A5084549469
89,A5034366710,Stefan Hagemann,Max Planck Institute for Meteorology,3,10244,0,10,0.003563,5.1335,0.0,Climate variability and models; Meteorological Phenomena and Simulations,https://openalex.org/A5034366710
90,A5034504555,Babak Anasori,Drexel University,4,10038,0,7,0.004336,5.1321,0.0,MXene and MAX Phase Materials; Gas Sensing Nanomaterials and Sensors,https://openalex.org/A5034504555
91,A5046528783,Frank J. Dentener,Joint Research Centre,3,9068,1,11,0.004143,5.108,2.5651,Atmospheric chemistry and aerosols; Climate Change and Environmental Impact,https://openalex.org/A5046528783
92,A5075264102,An Hendrix,Ghent University Hospital,3,8862,0,11,0.004347,5.1016,0.0,Extracellular vesicles in disease,https://openalex.org/A5075264102
93,A5073033425,Josef Kautzner,Unknown,3,5180,0,39,0.003379,5.0808,0.0,Cardiovascular Syncope and Autonomic Disorders; Cardiac Arrhythmias and Treatments,https://openalex.org/A5073033425
94,A5086692319,Béla Péter Merkely,Unknown,3,5118,0,39,0.003389,5.0756,0.0,Cardiac Arrhythmias and Treatments; Heart Failure Treatment and Management,https://openalex.org/A5086692319
95,A5021631028,Gerhard Krinner,Centre National de la Recherche Scientifique,3,7533,1,13,0.004641,5.0646,2.5651,Climate variability and models; Climate Change and Environmental Impact,https://openalex.org/A5021631028
96,A5100763673,Liping Wen,Chinese Academy of Sciences,8,2952,0,30,0.008714,5.0592,0.0,Nanopore and Nanochannel Transport Studies; Advanced Photocatalysis Techniques,https://openalex.org/A5100763673
97,A5067980873,Kristian Sommer Thygesen,Technical University of Denmark,3,8302,0,9,0.004689,5.0419,0.0,Advanced Chemical Physics Studies; 2D Materials and Applications; Computational Physics and Python Applications,https://openalex.org/A5067980873
98,A5081070388,Mikkel Strange,Technical University of Denmark,3,8302,0,9,0.004689,5.0419,0.0,Advanced Chemical Physics Studies; 2D Materials and Applications; Computational Physics and Python Applications,https://openalex.org/A5081070388
99,A5079996682,Karsten W. Jacobsen,Technical University of Denmark,3,8302,0,9,0.004689,5.0419,0.0,Advanced Chemical Physics Studies; 2D Materials and Applications; Computational Physics and Python Applications,https://openalex.org/A5079996682
100,A5025812655,Thomas Olsen,Technical University of Denmark,3,8302,0,9,0.004689,5.0419,0.0,Advanced Chemical Physics Studies; 2D Materials and Applications; Computational Physics and Python Applications,https://openalex.org/A5025812655
101,A5091862786,Patrizia Agostinis,KU Leuven,3,15282,0,2,0.002467,5.0261,0.0,Autophagy in Disease and Therapy; Photodynamic Therapy Research Studies,https://openalex.org/A5091862786
102,A5049262839,Hugo Albert Katus,Unknown,3,4450,0,39,0.003379,5.0124,0.0,Cardiac Arrhythmias and Treatments; Cardiovascular Syncope and Autonomic Disorders,https://openalex.org/A5049262839
103,A5028283161,Donna Fitzsimons,Unknown,3,4450,0,39,0.003379,5.0124,0.0,Cardiac Arrhythmias and Treatments; Cardiovascular Syncope and Autonomic Disorders,https://openalex.org/A5028283161
104,A5064377137,Hyung Gyu Park,Lawrence Livermore National Laboratory,5,4682,0,15,0.006401,5.0059,0.0,Nanopore and Nanochannel Transport Studies,https://openalex.org/A5064377137
105,A5090811532,Victor A. Brovkin,Max Planck Institute for Meteorology,3,6469,0,13,0.00446,4.9928,0.0,Climate variability and models; Remote Sensing in Agriculture,https://openalex.org/A5090811532
106,A5112642959,Shana Mattoo,Goddard Space Flight Center,3,7264,0,9,0.00437,4.976,0.0,Atmospheric aerosols and clouds,https://openalex.org/A5112642959
107,A5067953923,Lorraine A. Remer,Goddard Space Flight Center,3,7264,0,9,0.00437,4.976,0.0,Atmospheric aerosols and clouds,https://openalex.org/A5067953923
108,A5047290029,R. C. Levy,Goddard Space Flight Center,3,7264,0,9,0.00437,4.976,0.0,Atmospheric aerosols and clouds,https://openalex.org/A5047290029
109,A5072246361,Kathleen Maleski,Drexel University,3,8683,0,6,0.003797,4.9737,0.0,MXene and MAX Phase Materials; Gas Sensing Nanomaterials and Sensors,https://openalex.org/A5072246361
110,A5003443811,Jean‐François Lamarque,NSF National Center for Atmospheric Research,3,6808,0,10,0.004645,4.9709,0.0,Atmospheric chemistry and aerosols; Climate variability and models,https://openalex.org/A5003443811
111,A5100390201,Zhen Zhang,Chinese Academy of Sciences,7,3112,0,22,0.006604,4.9693,0.0,Nanopore and Nanochannel Transport Studies,https://openalex.org/A5100390201
112,A5061147059,Sebastiaan Luyssaert,University of Antwerp,3,6276,0,12,0.004347,4.9623,0.0,Plant Water Relations and Carbon Dynamics; Climate variability and models; Marine and coastal ecosystems,https://openalex.org/A5061147059
113,A5088518218,Martin Jung,Max Planck Institute for Biogeochemistry,3,6892,0,10,0.00379,4.96,0.0,Plant Water Relations and Carbon Dynamics; Hydrology and Drought Analysis,https://openalex.org/A5088518218
114,A5071721504,Markus Reichstein,Max Planck Institute for Biogeochemistry,3,6892,0,10,0.00379,4.96,0.0,Plant Water Relations and Carbon Dynamics; Hydrology and Drought Analysis,https://openalex.org/A5071721504
115,A5048598866,Frank Willem Geels,University of Sussex,5,20081,0,0,0.000703,4.9596,0.0,Sustainability and Climate Change Governance,https://openalex.org/A5048598866
116,A5003517366,Stuart Edward Bunn,Griffith University,3,10567,0,3,0.004265,4.9595,0.0,Fish Ecology and Management Studies; Transboundary Water Resource Management,https://openalex.org/A5003517366
117,A5049397605,Sophie Szopa,Centre National de la Recherche Scientifique,3,7141,1,9,0.003421,4.9489,2.5651,Climate variability and models; Climate Change and Environmental Impact,https://openalex.org/A5049397605
118,A5040927032,Costas P. Grigoropoulos,"University of California, Berkeley",4,4550,0,15,0.005925,4.9408,0.0,Nanopore and Nanochannel Transport Studies,https://openalex.org/A5040927032
119,A5052244847,Michael Schulz,Laboratoire des Sciences du Climat et de l'Environnement,3,4681,0,18,0.006226,4.9364,0.0,Climate variability and models; Atmospheric chemistry and aerosols; Atmospheric aerosols and clouds,https://openalex.org/A5052244847
120,A5045551635,John A. Rogers,University of Illinois Urbana-Champaign,3,6700,1,8,0.005219,4.9333,2.2885,Advanced Sensor and Energy Harvesting Materials; Advanced Materials and Mechanics,https://openalex.org/A5045551635
121,A5074053103,Silvia Kloster,Max Planck Institute for Meteorology,3,4391,0,19,0.00644,4.9208,0.0,Climate variability and models; Atmospheric chemistry and aerosols; Atmospheric aerosols and clouds,https://openalex.org/A5074053103
122,A5077051671,Oliviér Boucher,Centre National de la Recherche Scientifique,3,4595,0,17,0.005901,4.9126,0.0,Climate variability and models; Atmospheric chemistry and aerosols; Atmospheric aerosols and clouds,https://openalex.org/A5077051671
123,A5033551997,Оleg Dubovik,Goddard Space Flight Center,3,6702,0,8,0.003945,4.9105,0.0,Atmospheric aerosols and clouds,https://openalex.org/A5033551997
124,A5049747845,I. Slutsker,Goddard Space Flight Center,3,6702,0,8,0.003945,4.9105,0.0,Atmospheric aerosols and clouds,https://openalex.org/A5049747845
125,A5039577948,Tatiana Ilyina,Max Planck Institute for Meteorology,3,4875,0,15,0.005083,4.9031,0.0,Climate variability and models; Marine and coastal ecosystems,https://openalex.org/A5039577948
126,A5005392606,M. A. Giorgetta,Max Planck Institute for Meteorology,3,4880,0,15,0.005031,4.9027,0.0,Climate variability and models,https://openalex.org/A5005392606
127,A5087678285,Luis Kornblueh,Max Planck Institute for Meteorology,3,4880,0,15,0.005031,4.9027,0.0,Climate variability and models,https://openalex.org/A5087678285
128,A5105422664,E. Roeckner,Max Planck Institute for Meteorology,3,4880,0,15,0.005031,4.9027,0.0,Climate variability and models,https://openalex.org/A5105422664
129,A5071827163,Lorenzo Galluzzi,Inserm,3,7310,0,5,0.005034,4.8884,0.0,Cell death mechanisms and regulation,https://openalex.org/A5071827163
130,A5009132654,William D. Collins,NOAA National Centers for Environmental Prediction,3,8701,0,4,0.002611,4.8789,0.0,Meteorological Phenomena and Simulations; Climate variability and models; Atmospheric aerosols and clouds,https://openalex.org/A5009132654
131,A5057547356,Gurvan Madec,Laboratoire d'Océanographie et du Climat : Expérimentations et Approches Numériques,3,5214,0,12,0.004316,4.8783,0.0,Climate variability and models,https://openalex.org/A5057547356
132,A5019924793,Xiangfeng Duan,"University of California, Los Angeles",4,5265,1,8,0.004736,4.8725,1.5447,Electrocatalysts for Energy Conversion; Advanced Sensor and Energy Harvesting Materials; Advanced Battery Materials and Technologies,https://openalex.org/A5019924793
133,A5006387896,Pierre Friedlingstein,University of Exeter,3,4877,0,12,0.004354,4.849,0.0,Climate variability and models; Plant Water Relations and Carbon Dynamics; Marine and coastal ecosystems,https://openalex.org/A5006387896
134,A5064277207,Olgica Bakajin,Lawrence Livermore National Laboratory,3,4112,0,14,0.005569,4.8213,0.0,Nanopore and Nanochannel Transport Studies,https://openalex.org/A5064277207
135,A5033368141,Jason Knowles Holt,Lawrence Livermore National Laboratory,3,4112,0,14,0.005569,4.8213,0.0,Nanopore and Nanochannel Transport Studies,https://openalex.org/A5033368141
136,A5063313700,Deji Akinwande,The University of Texas at Austin,3,6110,1,6,0.003707,4.8137,2.2885,2D Materials and Applications; Advanced Sensor and Energy Harvesting Materials,https://openalex.org/A5063313700
137,A5048856270,Maria R. Lukatskaya,Drexel University,3,5693,0,6,0.003933,4.7866,0.0,MXene and MAX Phase Materials; Supercapacitor Materials and Fabrication,https://openalex.org/A5048856270
138,A5014630033,K. Gopinadhan,University of Manchester,3,3343,0,19,0.005485,4.7844,0.0,Nanopore and Nanochannel Transport Studies,https://openalex.org/A5014630033
139,A5073130353,Joseph M. Prospero,University of Miami,3,6339,0,5,0.00296,4.7821,0.0,Atmospheric aerosols and clouds,https://openalex.org/A5073130353
140,A5034871143,Maksym V. Kovalenko,ETH Zurich,4,6414,0,3,0.003376,4.7721,0.0,Perovskite Materials and Applications; Quantum Dots Synthesis And Properties,https://openalex.org/A5034871143
141,A5041318946,Yu Huang,California NanoSystems Institute,3,4766,1,8,0.004736,4.772,2.2885,Electrocatalysts for Energy Conversion; Advanced Sensor and Energy Harvesting Materials; Supercapacitor Materials and Fabrication,https://openalex.org/A5041318946
142,A5083242280,Nicholas A. Kotov,University of Michigan,3,5635,0,5,0.004622,4.7642,0.0,Gold and Silver Nanoparticles Synthesis and Applications; Nanopore and Nanochannel Transport Studies; Nanotechnology research and applications,https://openalex.org/A5083242280
143,A5001337097,Michel W. Barsoum,Drexel University,3,5318,0,6,0.003933,4.7559,0.0,MXene and MAX Phase Materials,https://openalex.org/A5001337097
144,A5029687421,Boya Radha,University of Manchester,5,2269,1,22,0.006484,4.7537,0.969,Nanopore and Nanochannel Transport Studies,https://openalex.org/A5029687421
145,A5075963769,Markus Antonietti,Max Planck Institute of Colloids and Interfaces,6,2488,2,14,0.005992,4.7414,2.3327,Nanopore and Nanochannel Transport Studies; Advanced Sensor and Energy Harvesting Materials; Advanced battery technologies research,https://openalex.org/A5075963769
146,A5076752404,Alexander N. Grigorenko,University of Manchester,3,4128,0,10,0.003714,4.7278,0.0,Graphene research and applications; Membrane Separation Technologies; Nanopore and Nanochannel Transport Studies,https://openalex.org/A5076752404
147,A5100659481,Xinliang Feng,Center for Advancing Electronics Dresden,4,5149,0,5,0.002306,4.7263,0.0,Nanopore and Nanochannel Transport Studies; Graphene research and applications; Electrocatalysts for Energy Conversion,https://openalex.org/A5100659481
148,A5018591830,Julian D. Olden,University of Washington,3,5392,0,4,0.005537,4.723,0.0,Fish Ecology and Management Studies,https://openalex.org/A5018591830
149,A5026176713,András Kis,École Polytechnique Fédérale de Lausanne,3,4585,0,7,0.003831,4.7138,0.0,Nanopore and Nanochannel Transport Studies; Graphene research and applications,https://openalex.org/A5026176713
150,A5017098610,Toshihiko Takemura,Kyushu University,3,4372,0,8,0.00321,4.7022,0.0,Climate variability and models; Atmospheric chemistry and aerosols,https://openalex.org/A5017098610
151,A5033056518,Ali Khademhosseini,Terasaki Foundation,4,3299,1,9,0.005738,4.6994,1.5447,Advanced Sensor and Energy Harvesting Materials; Microfluidic and Capillary Electrophoresis Applications; Innovative Microfluidic and Catalytic Techniques Innovation,https://openalex.org/A5033056518
152,A5073885293,Michele L. Thieme,World Wildlife Fund,3,5840,0,3,0.004265,4.6926,0.0,Fish Ecology and Management Studies,https://openalex.org/A5073885293
153,A5080752278,Sarah J. Haigh,University of Manchester,3,2837,0,17,0.004977,4.6813,0.0,Nanopore and Nanochannel Transport Studies; 2D Materials and Applications,https://openalex.org/A5080752278
154,A5039478299,Michael F. Toney,SLAC National Accelerator Laboratory,3,6290,0,3,0.002308,4.6796,0.0,Advanced Battery Materials and Technologies; Conducting polymers and applications; Organic Electronics and Photovoltaics,https://openalex.org/A5039478299
155,A5050473117,Richard P. Van Duyne,Northwestern University,3,8927,0,1,0.00149,4.67,0.0,Gold and Silver Nanoparticles Synthesis and Applications,https://openalex.org/A5050473117
156,A5066010665,Detlef Lohse,University of Twente,7,3649,0,3,0.004689,4.6621,0.0,Minerals Flotation and Separation Techniques; Surface Modification and Superhydrophobicity; Fluid Dynamics and Turbulent Flows,https://openalex.org/A5066010665
157,A5103439835,Christie Thomas Cherian,University of Manchester,3,2971,0,14,0.004393,4.6553,0.0,Nanopore and Nanochannel Transport Studies; Membrane Separation Technologies,https://openalex.org/A5103439835
158,A5084652193,Yang Su,University of Manchester,3,2818,0,15,0.004594,4.6481,0.0,Nanopore and Nanochannel Transport Studies; Membrane Separation Technologies; Surface Modification and Superhydrophobicity,https://openalex.org/A5084652193
159,A5011255000,Yonggang Y. Huang,Northwestern University,3,6717,0,2,0.001813,4.6354,0.0,Advanced Materials and Mechanics; Advanced Sensor and Energy Harvesting Materials; Advancements in Battery Materials,https://openalex.org/A5011255000
160,A5082376678,Wolfgang Johann Parak,Philipps University of Marburg,3,3908,0,5,0.004452,4.5965,0.0,Quantum Dots Synthesis And Properties; Nanotechnology research and applications,https://openalex.org/A5082376678
161,A5078337476,Alessandro Siria,Centre National de la Recherche Scientifique,4,2734,1,10,0.003551,4.5947,1.2978,Nanopore and Nanochannel Transport Studies,https://openalex.org/A5078337476
162,A5074646090,Meinrat Otto Andreae,Max Planck Institute for Chemistry,3,5253,0,3,0.002159,4.5939,0.0,Atmospheric chemistry and aerosols; Atmospheric aerosols and clouds,https://openalex.org/A5074646090
163,A5100776330,Fengchao Wang,University of Science and Technology of China,3,2179,0,18,0.005339,4.5793,0.0,Nanopore and Nanochannel Transport Studies; Membrane Separation Technologies,https://openalex.org/A5100776330
164,A5012833011,Nam‐Trung Nguyen,Griffith University,8,2788,0,3,0.004689,4.5705,0.0,Microfluidic and Capillary Electrophoresis Applications; Innovative Microfluidic and Catalytic Techniques Innovation; Acoustic Wave Resonator Technologies,https://openalex.org/A5012833011
165,A5010145796,Zbigniew Klimont,International Institute for Applied Systems Analysis,3,7325,0,1,0.001098,4.5639,0.0,Atmospheric chemistry and aerosols,https://openalex.org/A5010145796
166,A5007565458,Lisa V. Alexander,UNSW Sydney,4,8859,0,0,0.000703,4.5458,0.0,Climate variability and models,https://openalex.org/A5007565458
167,A5052898193,Jim F. Huggett,LGC,5,2305,0,7,0.005393,4.5338,0.0,Molecular Biology Techniques and Applications,https://openalex.org/A5052898193
168,A5068569670,Menachem Elimelech,Yale University,6,1921,3,9,0.004628,4.5223,5.6338,Nanopore and Nanochannel Transport Studies; Extraction and Separation Processes; Block Copolymer Self-Assembly,https://openalex.org/A5068569670
169,A5062095380,‪Siewert J. Marrink,University of Groningen,3,9405,0,0,0.000703,4.5169,0.0,Lipid Membrane Structure and Behavior; Protein Structure and Dynamics,https://openalex.org/A5062095380
170,A5018183834,Éric Prestat,University of Manchester,3,2283,0,12,0.003694,4.4944,0.0,Nanopore and Nanochannel Transport Studies; 2D Materials and Applications; Surface Modification and Superhydrophobicity,https://openalex.org/A5018183834
171,A5040262818,Ashok Keerthi,University of Manchester,4,1564,1,17,0.005203,4.473,1.2978,Nanopore and Nanochannel Transport Studies,https://openalex.org/A5040262818
172,A5073593948,Narayana R. Aluru,University of Illinois Urbana-Champaign,3,2262,1,9,0.004929,4.4611,1.7859,Nanopore and Nanochannel Transport Studies,https://openalex.org/A5073593948
173,A5089038945,Xiang‐Yu Kong,Chinese Academy of Sciences,4,1382,0,19,0.005604,4.4447,0.0,Nanopore and Nanochannel Transport Studies,https://openalex.org/A5089038945
174,A5030731651,Carole A. Foy,LGC,4,2062,0,6,0.004681,4.3996,0.0,Molecular Biology Techniques and Applications,https://openalex.org/A5030731651
175,A5088625519,Liangbing Hu,"University of Maryland, College Park",3,2570,0,5,0.003329,4.3849,0.0,Advanced Cellulose Research Studies; Nanopore and Nanochannel Transport Studies,https://openalex.org/A5088625519
176,A5002926420,Chaoji Chen,"University of Maryland, College Park",3,2570,0,5,0.003329,4.3849,0.0,Advanced Cellulose Research Studies; Nanopore and Nanochannel Transport Studies,https://openalex.org/A5002926420
177,A5100628512,Haihui Wang,South China University of Technology,3,1816,0,10,0.005133,4.3847,0.0,Membrane Separation and Gas Transport; Nanopore and Nanochannel Transport Studies; Membrane-based Ion Separation Techniques,https://openalex.org/A5100628512
178,A5108313435,Jürgen Caro,Leibniz University Hannover,3,1816,0,10,0.005133,4.3847,0.0,Membrane Separation and Gas Transport; Nanopore and Nanochannel Transport Studies; Membrane-based Ion Separation Techniques,https://openalex.org/A5108313435
179,A5100449511,Li Ding,South China University of Technology,3,1816,0,10,0.005133,4.3847,0.0,Membrane Separation and Gas Transport; Nanopore and Nanochannel Transport Studies; Membrane-based Ion Separation Techniques,https://openalex.org/A5100449511
180,A5033571746,Yanying Wei,South China University of Technology,3,1816,0,10,0.005133,4.3847,0.0,Membrane Separation and Gas Transport; Nanopore and Nanochannel Transport Studies; Membrane-based Ion Separation Techniques,https://openalex.org/A5033571746
181,A5029359120,Andrey L. Rogach,City University of Hong Kong,3,2982,0,3,0.003376,4.3718,0.0,Perovskite Materials and Applications; Quantum Dots Synthesis And Properties,https://openalex.org/A5029359120
182,A5024561531,Alexandru Mihai Grumezescu,Universitatea Națională de Știință și Tehnologie Politehnica București,4,2466,1,3,0.004689,4.3683,1.6253,Nanoparticles: synthesis and applications; Microfluidic and Capillary Electrophoresis Applications; Advanced MEMS and NEMS Technologies,https://openalex.org/A5024561531
183,A5037450873,Slaven Garaj,National University of Singapore,3,1717,0,12,0.003683,4.366,0.0,Nanopore and Nanochannel Transport Studies,https://openalex.org/A5037450873
184,A5100376569,Zhong Lin Wang,Georgia Institute of Technology,3,6248,0,0,0.000703,4.3329,0.0,Advanced Sensor and Energy Harvesting Materials; ZnO doping and properties,https://openalex.org/A5100376569
185,A5068796152,Mohammad Heiranian,University of Illinois Urbana-Champaign,3,2236,1,5,0.003096,4.3167,1.7523,Nanopore and Nanochannel Transport Studies; Membrane Separation Technologies,https://openalex.org/A5068796152
186,A5049293054,Jian‐Kang Zhu,"University of California, Riverside",3,5403,0,0,0.000703,4.2675,0.0,Plant Stress Responses and Tolerance,https://openalex.org/A5049293054
187,A5047375155,Francesco Fornasiero,Lawrence Livermore National Laboratory,3,1290,0,11,0.004605,4.2393,0.0,Nanopore and Nanochannel Transport Studies,https://openalex.org/A5047375155
188,A5028167465,Han J. G. E. Gardeniers,University of Twente,3,2336,0,2,0.004689,4.2306,0.0,Plasma Applications and Diagnostics; Advancements in Transdermal Drug Delivery; Microfluidic and Capillary Electrophoresis Applications,https://openalex.org/A5028167465
189,A5007072122,Kai Xiao,Max Planck Institute of Colloids and Interfaces,4,1080,0,12,0.004064,4.2211,0.0,Nanopore and Nanochannel Transport Studies; Advanced Photocatalysis Techniques,https://openalex.org/A5007072122
190,A5085677100,Maiken Nedergaard,University of Rochester Medicine,3,4755,0,0,0.000703,4.2101,0.0,Cerebrospinal fluid and hydrocephalus; Neuroscience and Neuropharmacology Research,https://openalex.org/A5085677100
191,A5001138508,Congcong Zhu,Chinese Academy of Sciences,3,1108,0,14,0.004265,4.2093,0.0,Nanopore and Nanochannel Transport Studies,https://openalex.org/A5001138508
192,A5052978556,Aleksandra Rađenović,École Polytechnique Fédérale de Lausanne,3,1948,0,4,0.002626,4.2061,0.0,Nanopore and Nanochannel Transport Studies; Nanowire Synthesis and Applications,https://openalex.org/A5052978556
193,A5005716916,Silvia Bordiga,University of Turin,3,4645,0,0,0.000703,4.1995,0.0,Zeolite Catalysis and Synthesis; Metal-Organic Frameworks: Synthesis and Applications; Carbon Dioxide Capture Technologies,https://openalex.org/A5005716916
194,A5059945365,Gerhard Hummer,National Institutes of Health,3,4544,0,0,0.000703,4.1896,0.0,Nanopore and Nanochannel Transport Studies; Force Microscopy Techniques and Applications,https://openalex.org/A5059945365
195,A5067375261,Weiwen Xin,Chinese Academy of Sciences,3,963,0,15,0.004539,4.1643,0.0,Nanopore and Nanochannel Transport Studies,https://openalex.org/A5067375261
196,A5082588171,Cody L. Ritt,Yale University,3,1235,1,8,0.004104,4.1529,1.7859,Nanopore and Nanochannel Transport Studies,https://openalex.org/A5082588171
197,A5012791912,Albert van den Berg,University of Twente,5,1383,0,2,0.004689,4.0963,0.0,Nanopore and Nanochannel Transport Studies; Advancements in Transdermal Drug Delivery; Innovative Microfluidic and Catalytic Techniques Innovation,https://openalex.org/A5012791912
198,A5066028183,Zhiping Xu,Tsinghua University,3,2588,0,1,0.001066,4.0943,0.0,Advanced Materials and Mechanics; Membrane Separation Technologies; Nanopore and Nanochannel Transport Studies,https://openalex.org/A5066028183
199,A5073494917,Alexandra S. Whale,LGC,3,1246,0,5,0.003994,4.0736,0.0,Molecular Biology Techniques and Applications,https://openalex.org/A5073494917
200,A5014826801,Alan J. H. McGaughey,Carnegie Mellon University,3,1418,0,3,0.004689,4.0637,0.0,Nanopore and Nanochannel Transport Studies,https://openalex.org/A5014826801
201,A5004479879,John A. Thomas,Carnegie Mellon University,3,1418,0,3,0.004689,4.0637,0.0,Nanopore and Nanochannel Transport Studies,https://openalex.org/A5004479879
202,A5001457988,Xuehua Zhang,University of Twente,3,1400,0,3,0.004689,4.0579,0.0,Minerals Flotation and Separation Techniques; Fluid Dynamics and Heat Transfer,https://openalex.org/A5001457988
203,A5059445221,Bo Niu,Chinese Academy of Sciences,3,827,1,10,0.003237,3.9941,1.841,Nanopore and Nanochannel Transport Studies; Membrane Separation Technologies,https://openalex.org/A5059445221
204,A5020518887,Billy D. Todd,Swinburne University of Technology,3,770,0,9,0.004689,3.9724,0.0,Nanopore and Nanochannel Transport Studies,https://openalex.org/A5020518887
205,A5078740776,Peter J. Daivis,RMIT University,3,770,0,9,0.004689,3.9724,0.0,Nanopore and Nanochannel Transport Studies,https://openalex.org/A5078740776
206,A5103249875,Jesper S. Hansen,Roskilde University,3,770,0,9,0.004689,3.9724,0.0,Nanopore and Nanochannel Transport Studies,https://openalex.org/A5103249875
207,A5015347968,Sridhar Kumar Kannam,Swinburne University of Technology,3,770,0,9,0.004689,3.9724,0.0,Nanopore and Nanochannel Transport Studies,https://openalex.org/A5015347968
208,A5072744650,Oscar Ces,Imperial College London,3,1122,0,3,0.004689,3.9584,0.0,Origins and Evolution of Life; Innovative Microfluidic and Catalytic Techniques Innovation; Lipid Membrane Structure and Behavior,https://openalex.org/A5072744650
209,A5057318888,Yuval Elani,Imperial College London,3,1122,0,3,0.004689,3.9584,0.0,Origins and Evolution of Life; Innovative Microfluidic and Catalytic Techniques Innovation; Lipid Membrane Structure and Behavior,https://openalex.org/A5057318888
210,A5074581998,Cristina Chircov,Universitatea Națională de Știință și Tehnologie Politehnica București,3,1108,1,3,0.004689,3.9527,2.7089,Microfluidic and Capillary Electrophoresis Applications; Advanced MEMS and NEMS Technologies; Innovative Microfluidic and Catalytic Techniques Innovation,https://openalex.org/A5074581998
211,A5004381013,Frieder G. Mugele,University of Twente,3,2680,0,0,0.000703,3.9521,0.0,Electrowetting and Microfluidic Technologies; Innovative Microfluidic and Catalytic Techniques Innovation; Fluid Dynamics and Heat Transfer,https://openalex.org/A5004381013
212,A5068347299,Mark A. Reed,Yale University,3,759,1,8,0.004435,3.9403,1.7859,Nanopore and Nanochannel Transport Studies,https://openalex.org/A5068347299
213,A5015100789,Zuzanna S. Siwy,"University of California, Irvine",3,690,1,9,0.004822,3.9254,2.6789,Nanopore and Nanochannel Transport Studies,https://openalex.org/A5015100789
214,A5064651301,Christophe Ybert,Lyon 1 Université,3,1144,0,3,0.001711,3.893,0.0,Surface Modification and Superhydrophobicity; Nanopore and Nanochannel Transport Studies,https://openalex.org/A5064651301
215,A5019485745,Wei Hong Guo,Chinese Academy of Sciences,3,1160,0,3,0.001471,3.89,0.0,Nanopore and Nanochannel Transport Studies,https://openalex.org/A5019485745
216,A5031067863,Say Hwa Tan,Nanyang Technological University,3,961,0,3,0.004689,3.8887,0.0,Innovative Microfluidic and Catalytic Techniques Innovation; Microfluidic and Capillary Electrophoresis Applications,https://openalex.org/A5031067863
217,A5028227545,Guangmin Zhou,Tsinghua Shenzhen International Graduate School,3,1933,2,0,0.000703,3.8051,5.6698,Advanced battery technologies research; Advanced Battery Materials and Technologies,https://openalex.org/A5028227545
218,A5001741937,Nikita Kavokine,Centre National de la Recherche Scientifique,3,940,1,3,0.001711,3.8047,1.8203,Nanopore and Nanochannel Transport Studies,https://openalex.org/A5001741937
219,A5069350254,Zhongyi Jiang,Tianjin University,3,790,3,3,0.004689,3.8007,34.5298,Membrane Separation Technologies; Fuel Cells and Related Materials; Covalent Organic Framework Applications,https://openalex.org/A5069350254
220,A5058429595,Hong Yue Wu,Tianjin University,3,790,3,3,0.004689,3.8007,34.5298,Membrane Separation Technologies; Fuel Cells and Related Materials; Covalent Organic Framework Applications,https://openalex.org/A5058429595
221,A5012131084,Weiwei Lei,Deakin University,3,928,0,2,0.001994,3.7513,0.0,Nanopore and Nanochannel Transport Studies; Membrane Separation Technologies,https://openalex.org/A5012131084
222,A5112825816,S Suda,Tokyo Medical University,3,1593,0,0,0.000703,3.7181,0.0,Sepsis Diagnosis and Treatment,https://openalex.org/A5112825816
223,A5085801685,Victor Nikonenko,Kuban State University,3,1404,0,0,0.000703,3.6613,0.0,Membrane-based Ion Separation Techniques,https://openalex.org/A5085801685
224,A5077667729,David A. Sinton,University of Toronto,3,1026,0,0,0.000703,3.5203,0.0,Biosensors and Analytical Detection; Innovative Microfluidic and Catalytic Techniques Innovation; CO2 Reduction Techniques and Catalysts,https://openalex.org/A5077667729
225,A5076296735,Evelyn N. Wang,Massachusetts Institute of Technology,3,811,1,0,0.000703,3.4146,1.912,Heat Transfer and Boiling Studies; Solar-Powered Water Purification Methods,https://openalex.org/A5076296735
226,A5013359536,Kostya Ostrikov,Queensland University of Technology,3,607,2,0,0.000703,3.2844,5.4241,Plasma Applications and Diagnostics; Surface Modification and Superhydrophobicity; Membrane Separation Technologies,https://openalex.org/A5013359536
